{
    "Nitrogen": 0.035714,
    "Phosphorus": 0.364286,
    "Potassium": 0.095000,
    "Temperature": 0.458580,
    "Humidity": 0.358746,
    "pH": 0.236125,
    "Rainfall": 0.604571
}
